data_type,ID,ASSIGNER
CVE,CVE-2018-10350,security
CVE,CVE-2018-10351,security
CVE,CVE-2018-10352,security
CVE,CVE-2018-10353,security
CVE,CVE-2018-10354,security
CVE,CVE-2018-10355,security
CVE,CVE-2018-10356,security
CVE,CVE-2018-10357,security
CVE,CVE-2018-10358,security
CVE,CVE-2018-10359,security
CVE,CVE-2018-10473,disclosures
CVE,CVE-2018-10474,disclosures
CVE,CVE-2018-10475,disclosures
CVE,CVE-2018-10476,disclosures
CVE,CVE-2018-10477,disclosures
CVE,CVE-2018-10478,disclosures
CVE,CVE-2018-10479,disclosures
CVE,CVE-2018-10480,disclosures
CVE,CVE-2018-10481,disclosures
CVE,CVE-2018-10482,disclosures
CVE,CVE-2018-10483,disclosures
CVE,CVE-2018-10484,disclosures
CVE,CVE-2018-10485,disclosures
CVE,CVE-2018-10486,disclosures
CVE,CVE-2018-10487,disclosures
CVE,CVE-2018-10488,disclosures
CVE,CVE-2018-10489,disclosures
CVE,CVE-2018-10490,disclosures
CVE,CVE-2018-10491,disclosures
CVE,CVE-2018-10492,disclosures
CVE,CVE-2018-10493,disclosures
CVE,CVE-2018-10494,disclosures
CVE,CVE-2018-10495,disclosures
CVE,CVE-2018-10496,disclosures
CVE,CVE-2018-10497,disclosures
CVE,CVE-2018-10498,disclosures
CVE,CVE-2018-10499,disclosures
CVE,CVE-2018-10500,disclosures
CVE,CVE-2018-10501,disclosures
CVE,CVE-2018-10502,disclosures
CVE,CVE-2018-10505,security
CVE,CVE-2018-10506,security
CVE,CVE-2018-10507,security
CVE,CVE-2018-10508,security
CVE,CVE-2018-10509,security
CVE,CVE-2018-10510,security
CVE,CVE-2018-10511,security
CVE,CVE-2018-10512,security
CVE,CVE-2018-10513,security
CVE,CVE-2018-10514,security
CVE,CVE-2018-1161,disclosures
CVE,CVE-2018-11614,disclosures
CVE,CVE-2018-11615,disclosures
CVE,CVE-2018-11616,disclosures
CVE,CVE-2018-11617,disclosures
CVE,CVE-2018-11618,disclosures
CVE,CVE-2018-11619,disclosures
CVE,CVE-2018-1162,disclosures
CVE,CVE-2018-11620,disclosures
CVE,CVE-2018-11621,disclosures
CVE,CVE-2018-11622,disclosures
CVE,CVE-2018-11623,disclosures
CVE,CVE-2018-1163,disclosures
CVE,CVE-2018-1164,disclosures
CVE,CVE-2018-1165,disclosures
CVE,CVE-2018-1166,disclosures
CVE,CVE-2018-1167,disclosures
CVE,CVE-2018-1168,disclosures
CVE,CVE-2018-1169,disclosures
CVE,CVE-2018-1170,disclosures
CVE,CVE-2018-1171,disclosures
CVE,CVE-2018-1172,disclosures
CVE,CVE-2018-1173,disclosures
CVE,CVE-2018-1174,disclosures
CVE,CVE-2018-1175,disclosures
CVE,CVE-2018-1176,disclosures
CVE,CVE-2018-1177,disclosures
CVE,CVE-2018-1178,disclosures
CVE,CVE-2018-1179,disclosures
CVE,CVE-2018-1180,disclosures
CVE,CVE-2018-14241,disclosures
CVE,CVE-2018-14242,disclosures
CVE,CVE-2018-14243,disclosures
CVE,CVE-2018-14244,disclosures
CVE,CVE-2018-14245,disclosures
CVE,CVE-2018-14246,disclosures
CVE,CVE-2018-14247,disclosures
CVE,CVE-2018-14248,disclosures
CVE,CVE-2018-14249,disclosures
CVE,CVE-2018-14250,disclosures
CVE,CVE-2018-14251,disclosures
CVE,CVE-2018-14252,disclosures
CVE,CVE-2018-14253,disclosures
CVE,CVE-2018-14254,disclosures
CVE,CVE-2018-14255,disclosures
CVE,CVE-2018-14256,disclosures
CVE,CVE-2018-14257,disclosures
CVE,CVE-2018-14258,disclosures
CVE,CVE-2018-14259,disclosures
CVE,CVE-2018-14260,disclosures
CVE,CVE-2018-14261,disclosures
CVE,CVE-2018-14262,disclosures
CVE,CVE-2018-14263,disclosures
CVE,CVE-2018-14264,disclosures
CVE,CVE-2018-14265,disclosures
CVE,CVE-2018-14266,disclosures
CVE,CVE-2018-14267,disclosures
CVE,CVE-2018-14268,disclosures
CVE,CVE-2018-14269,disclosures
CVE,CVE-2018-14270,disclosures
CVE,CVE-2018-14271,disclosures
CVE,CVE-2018-14272,disclosures
CVE,CVE-2018-14273,disclosures
CVE,CVE-2018-14274,disclosures
CVE,CVE-2018-14275,disclosures
CVE,CVE-2018-14276,disclosures
CVE,CVE-2018-14277,disclosures
CVE,CVE-2018-14278,disclosures
CVE,CVE-2018-14279,disclosures
CVE,CVE-2018-14280,disclosures
CVE,CVE-2018-14281,disclosures
CVE,CVE-2018-14282,disclosures
CVE,CVE-2018-14283,disclosures
CVE,CVE-2018-14284,disclosures
CVE,CVE-2018-14285,disclosures
CVE,CVE-2018-14286,disclosures
CVE,CVE-2018-14287,disclosures
CVE,CVE-2018-14288,disclosures
CVE,CVE-2018-14289,disclosures
CVE,CVE-2018-14290,disclosures
CVE,CVE-2018-14291,disclosures
CVE,CVE-2018-14292,disclosures
CVE,CVE-2018-14293,disclosures
CVE,CVE-2018-14294,disclosures
CVE,CVE-2018-14295,disclosures
CVE,CVE-2018-14296,disclosures
CVE,CVE-2018-14297,disclosures
CVE,CVE-2018-14298,disclosures
CVE,CVE-2018-14299,disclosures
CVE,CVE-2018-14300,disclosures
CVE,CVE-2018-14301,disclosures
CVE,CVE-2018-14302,disclosures
CVE,CVE-2018-14303,disclosures
CVE,CVE-2018-14304,disclosures
CVE,CVE-2018-14305,disclosures
CVE,CVE-2018-14306,disclosures
CVE,CVE-2018-14307,disclosures
CVE,CVE-2018-14308,disclosures
CVE,CVE-2018-14309,disclosures
CVE,CVE-2018-14310,disclosures
CVE,CVE-2018-14311,disclosures
CVE,CVE-2018-14312,disclosures
CVE,CVE-2018-14313,disclosures
CVE,CVE-2018-14314,disclosures
CVE,CVE-2018-14315,disclosures
CVE,CVE-2018-14316,disclosures
CVE,CVE-2018-14317,disclosures
CVE,CVE-2018-14318,disclosures
CVE,CVE-2018-14320,disclosures
CVE,CVE-2018-15363,security
CVE,CVE-2018-15364,security
CVE,CVE-2018-15365,security
CVE,CVE-2018-15366,security
CVE,CVE-2018-15367,security
CVE,CVE-2018-17614,disclosures
CVE,CVE-2018-17615,disclosures
CVE,CVE-2018-17616,disclosures
CVE,CVE-2018-17617,disclosures
CVE,CVE-2018-17618,disclosures
CVE,CVE-2018-17619,disclosures
CVE,CVE-2018-17620,disclosures
CVE,CVE-2018-17621,disclosures
CVE,CVE-2018-17622,disclosures
CVE,CVE-2018-17623,disclosures
CVE,CVE-2018-17624,disclosures
CVE,CVE-2018-17625,disclosures
CVE,CVE-2018-17626,disclosures
CVE,CVE-2018-17627,disclosures
CVE,CVE-2018-17628,disclosures
CVE,CVE-2018-17629,disclosures
CVE,CVE-2018-17630,disclosures
CVE,CVE-2018-17631,disclosures
CVE,CVE-2018-17632,disclosures
CVE,CVE-2018-17633,disclosures
CVE,CVE-2018-17634,disclosures
CVE,CVE-2018-17635,disclosures
CVE,CVE-2018-17636,disclosures
CVE,CVE-2018-17637,disclosures
CVE,CVE-2018-17638,disclosures
CVE,CVE-2018-17639,disclosures
CVE,CVE-2018-17640,disclosures
CVE,CVE-2018-17641,disclosures
CVE,CVE-2018-17642,disclosures
CVE,CVE-2018-17643,disclosures
CVE,CVE-2018-17644,disclosures
CVE,CVE-2018-17645,disclosures
CVE,CVE-2018-17646,disclosures
CVE,CVE-2018-17647,disclosures
CVE,CVE-2018-17648,disclosures
CVE,CVE-2018-17649,disclosures
CVE,CVE-2018-17650,disclosures
CVE,CVE-2018-17651,disclosures
CVE,CVE-2018-17652,disclosures
CVE,CVE-2018-17653,disclosures
CVE,CVE-2018-17654,disclosures
CVE,CVE-2018-17655,disclosures
CVE,CVE-2018-17656,disclosures
CVE,CVE-2018-17657,disclosures
CVE,CVE-2018-17658,disclosures
CVE,CVE-2018-17659,disclosures
CVE,CVE-2018-17660,disclosures
CVE,CVE-2018-17661,disclosures
CVE,CVE-2018-17662,disclosures
CVE,CVE-2018-17663,disclosures
CVE,CVE-2018-17664,disclosures
CVE,CVE-2018-17665,disclosures
CVE,CVE-2018-17666,disclosures
CVE,CVE-2018-17667,disclosures
CVE,CVE-2018-17668,disclosures
CVE,CVE-2018-17669,disclosures
CVE,CVE-2018-17670,disclosures
CVE,CVE-2018-17671,disclosures
CVE,CVE-2018-17672,disclosures
CVE,CVE-2018-17673,disclosures
CVE,CVE-2018-17674,disclosures
CVE,CVE-2018-17675,disclosures
CVE,CVE-2018-17676,disclosures
CVE,CVE-2018-17677,disclosures
CVE,CVE-2018-17678,disclosures
CVE,CVE-2018-17679,disclosures
CVE,CVE-2018-17680,disclosures
CVE,CVE-2018-17681,disclosures
CVE,CVE-2018-17682,disclosures
CVE,CVE-2018-17683,disclosures
CVE,CVE-2018-17684,disclosures
CVE,CVE-2018-17685,disclosures
CVE,CVE-2018-17686,disclosures
CVE,CVE-2018-17687,disclosures
CVE,CVE-2018-17688,disclosures
CVE,CVE-2018-17689,disclosures
CVE,CVE-2018-17690,disclosures
CVE,CVE-2018-17691,disclosures
CVE,CVE-2018-17692,disclosures
CVE,CVE-2018-17693,disclosures
CVE,CVE-2018-17694,disclosures
CVE,CVE-2018-17695,disclosures
CVE,CVE-2018-17696,disclosures
CVE,CVE-2018-17697,disclosures
CVE,CVE-2018-17698,disclosures
CVE,CVE-2018-17699,disclosures
CVE,CVE-2018-17700,disclosures
CVE,CVE-2018-17701,disclosures
CVE,CVE-2018-17702,disclosures
CVE,CVE-2018-17703,disclosures
CVE,CVE-2018-17704,disclosures
CVE,CVE-2018-17705,disclosures
CVE,CVE-2018-17706,disclosures
CVE,CVE-2018-17707,disclosures
CVE,CVE-2018-18327,security
CVE,CVE-2018-18328,security
CVE,CVE-2018-18329,security
CVE,CVE-2018-18330,security
CVE,CVE-2018-18331,security
CVE,CVE-2018-18332,security
CVE,CVE-2018-18333,security
CVE,CVE-2018-18334,security
CVE,CVE-2018-3600,security
CVE,CVE-2018-3601,security
CVE,CVE-2018-3602,security
CVE,CVE-2018-3603,security
CVE,CVE-2018-3604,security
CVE,CVE-2018-3605,security
CVE,CVE-2018-3606,security
CVE,CVE-2018-3607,security
CVE,CVE-2018-3608,security
CVE,CVE-2018-3609,security
CVE,CVE-2018-6218,security
CVE,CVE-2018-6219,security
CVE,CVE-2018-6220,security
CVE,CVE-2018-6221,security
CVE,CVE-2018-6222,security
CVE,CVE-2018-6223,security
CVE,CVE-2018-6224,security
CVE,CVE-2018-6225,security
CVE,CVE-2018-6226,security
CVE,CVE-2018-6227,security
CVE,CVE-2018-6228,security
CVE,CVE-2018-6229,security
CVE,CVE-2018-6230,security
CVE,CVE-2018-6231,security
CVE,CVE-2018-6232,security
CVE,CVE-2018-6233,security
CVE,CVE-2018-6234,security
CVE,CVE-2018-6235,security
CVE,CVE-2018-6236,security
CVE,CVE-2018-6237,security
CVE,CVE-2018-9935,disclosures
CVE,CVE-2018-9936,disclosures
CVE,CVE-2018-9937,disclosures
CVE,CVE-2018-9938,disclosures
CVE,CVE-2018-9939,disclosures
CVE,CVE-2018-9940,disclosures
CVE,CVE-2018-9941,disclosures
CVE,CVE-2018-9942,disclosures
CVE,CVE-2018-9943,disclosures
CVE,CVE-2018-9944,disclosures
CVE,CVE-2018-9945,disclosures
CVE,CVE-2018-9946,disclosures
CVE,CVE-2018-9947,disclosures
CVE,CVE-2018-9948,disclosures
CVE,CVE-2018-9949,disclosures
CVE,CVE-2018-9950,disclosures
CVE,CVE-2018-9951,disclosures
CVE,CVE-2018-9952,disclosures
CVE,CVE-2018-9953,disclosures
CVE,CVE-2018-9954,disclosures
CVE,CVE-2018-9955,disclosures
CVE,CVE-2018-9956,disclosures
CVE,CVE-2018-9957,disclosures
CVE,CVE-2018-9958,disclosures
CVE,CVE-2018-9959,disclosures
CVE,CVE-2018-9960,disclosures
CVE,CVE-2018-9961,disclosures
CVE,CVE-2018-9962,disclosures
CVE,CVE-2018-9963,disclosures
CVE,CVE-2018-9964,disclosures
CVE,CVE-2018-9965,disclosures
CVE,CVE-2018-9966,disclosures
CVE,CVE-2018-9967,disclosures
CVE,CVE-2018-9968,disclosures
CVE,CVE-2018-9969,disclosures
CVE,CVE-2018-9970,disclosures
CVE,CVE-2018-9971,disclosures
CVE,CVE-2018-9972,disclosures
CVE,CVE-2018-9973,disclosures
CVE,CVE-2018-9974,disclosures
CVE,CVE-2018-9975,disclosures
CVE,CVE-2018-9976,disclosures
CVE,CVE-2018-9977,disclosures
CVE,CVE-2018-9978,disclosures
CVE,CVE-2018-9979,disclosures
CVE,CVE-2018-9980,disclosures
CVE,CVE-2018-9981,disclosures
CVE,CVE-2018-9982,disclosures
CVE,CVE-2018-9983,disclosures
CVE,CVE-2018-9984,disclosures
CVE,CVE-2018-0741,secure
CVE,CVE-2018-0742,secure
CVE,CVE-2018-0743,secure
CVE,CVE-2018-0744,secure
CVE,CVE-2018-0745,secure
CVE,CVE-2018-0746,secure
CVE,CVE-2018-0747,secure
CVE,CVE-2018-0748,secure
CVE,CVE-2018-0749,secure
CVE,CVE-2018-0750,secure
CVE,CVE-2018-0751,secure
CVE,CVE-2018-0752,secure
CVE,CVE-2018-0753,secure
CVE,CVE-2018-0754,secure
CVE,CVE-2018-0755,secure
CVE,CVE-2018-0756,secure
CVE,CVE-2018-0757,secure
CVE,CVE-2018-0758,secure
CVE,CVE-2018-0760,secure
CVE,CVE-2018-0761,secure
CVE,CVE-2018-0762,secure
CVE,CVE-2018-0763,secure
CVE,CVE-2018-0764,secure
CVE,CVE-2018-0765,secure
CVE,CVE-2018-0766,secure
CVE,CVE-2018-0767,secure
CVE,CVE-2018-0768,secure
CVE,CVE-2018-0769,secure
CVE,CVE-2018-0770,secure
CVE,CVE-2018-0771,secure
CVE,CVE-2018-0772,secure
CVE,CVE-2018-0773,secure
CVE,CVE-2018-0774,secure
CVE,CVE-2018-0775,secure
CVE,CVE-2018-0776,secure
CVE,CVE-2018-0777,secure
CVE,CVE-2018-0778,secure
CVE,CVE-2018-0780,secure
CVE,CVE-2018-0781,secure
CVE,CVE-2018-0784,secure
CVE,CVE-2018-0785,secure
CVE,CVE-2018-0786,secure
CVE,CVE-2018-0787,secure
CVE,CVE-2018-0788,secure
CVE,CVE-2018-0789,secure
CVE,CVE-2018-0790,secure
CVE,CVE-2018-0791,secure
CVE,CVE-2018-0792,secure
CVE,CVE-2018-0793,secure
CVE,CVE-2018-0794,secure
CVE,CVE-2018-0795,secure
CVE,CVE-2018-0796,secure
CVE,CVE-2018-0797,secure
CVE,CVE-2018-0798,secure
CVE,CVE-2018-0799,secure
CVE,CVE-2018-0800,secure
CVE,CVE-2018-0801,secure
CVE,CVE-2018-0802,secure
CVE,CVE-2018-0803,secure
CVE,CVE-2018-0804,secure
CVE,CVE-2018-0805,secure
CVE,CVE-2018-0806,secure
CVE,CVE-2018-0807,secure
CVE,CVE-2018-0808,secure
CVE,CVE-2018-0809,secure
CVE,CVE-2018-0810,secure
CVE,CVE-2018-0811,secure
CVE,CVE-2018-0812,secure
CVE,CVE-2018-0813,secure
CVE,CVE-2018-0814,secure
CVE,CVE-2018-0815,secure
CVE,CVE-2018-0816,secure
CVE,CVE-2018-0817,secure
CVE,CVE-2018-0818,secure
CVE,CVE-2018-0819,secure
CVE,CVE-2018-0820,secure
CVE,CVE-2018-0821,secure
CVE,CVE-2018-0822,secure
CVE,CVE-2018-0823,secure
CVE,CVE-2018-0824,secure
CVE,CVE-2018-0825,secure
CVE,CVE-2018-0826,secure
CVE,CVE-2018-0827,secure
CVE,CVE-2018-0828,secure
CVE,CVE-2018-0829,secure
CVE,CVE-2018-0830,secure
CVE,CVE-2018-0831,secure
CVE,CVE-2018-0832,secure
CVE,CVE-2018-0833,secure
CVE,CVE-2018-0834,secure
CVE,CVE-2018-0835,secure
CVE,CVE-2018-0836,secure
CVE,CVE-2018-0837,secure
CVE,CVE-2018-0838,secure
CVE,CVE-2018-0839,secure
CVE,CVE-2018-0840,secure
CVE,CVE-2018-0841,secure
CVE,CVE-2018-0842,secure
CVE,CVE-2018-0843,secure
CVE,CVE-2018-0844,secure
CVE,CVE-2018-0845,secure
CVE,CVE-2018-0846,secure
CVE,CVE-2018-0847,secure
CVE,CVE-2018-0848,secure
CVE,CVE-2018-0849,secure
CVE,CVE-2018-0850,secure
CVE,CVE-2018-0851,secure
CVE,CVE-2018-0852,secure
CVE,CVE-2018-0853,secure
CVE,CVE-2018-0854,secure
CVE,CVE-2018-0855,secure
CVE,CVE-2018-0856,secure
CVE,CVE-2018-0857,secure
CVE,CVE-2018-0858,secure
CVE,CVE-2018-0859,secure
CVE,CVE-2018-0860,secure
CVE,CVE-2018-0861,secure
CVE,CVE-2018-0862,secure
CVE,CVE-2018-0864,secure
CVE,CVE-2018-0866,secure
CVE,CVE-2018-0868,secure
CVE,CVE-2018-0869,secure
CVE,CVE-2018-0870,secure
CVE,CVE-2018-0871,secure
CVE,CVE-2018-0872,secure
CVE,CVE-2018-0873,secure
CVE,CVE-2018-0874,secure
CVE,CVE-2018-0875,secure
CVE,CVE-2018-0876,secure
CVE,CVE-2018-0877,secure
CVE,CVE-2018-0878,secure
CVE,CVE-2018-0879,secure
CVE,CVE-2018-0880,secure
CVE,CVE-2018-0881,secure
CVE,CVE-2018-0882,secure
CVE,CVE-2018-0883,secure
CVE,CVE-2018-0884,secure
CVE,CVE-2018-0885,secure
CVE,CVE-2018-0886,secure
CVE,CVE-2018-0887,secure
CVE,CVE-2018-0888,secure
CVE,CVE-2018-0889,secure
CVE,CVE-2018-0890,secure
CVE,CVE-2018-0891,secure
CVE,CVE-2018-0892,secure
CVE,CVE-2018-0893,secure
CVE,CVE-2018-0894,secure
CVE,CVE-2018-0895,secure
CVE,CVE-2018-0896,secure
CVE,CVE-2018-0897,secure
CVE,CVE-2018-0898,secure
CVE,CVE-2018-0899,secure
CVE,CVE-2018-0900,secure
CVE,CVE-2018-0901,secure
CVE,CVE-2018-0902,secure
CVE,CVE-2018-0903,secure
CVE,CVE-2018-0904,secure
CVE,CVE-2018-0907,secure
CVE,CVE-2018-0908,secure
CVE,CVE-2018-0909,secure
CVE,CVE-2018-0910,secure
CVE,CVE-2018-0911,secure
CVE,CVE-2018-0912,secure
CVE,CVE-2018-0913,secure
CVE,CVE-2018-0914,secure
CVE,CVE-2018-0915,secure
CVE,CVE-2018-0916,secure
CVE,CVE-2018-0917,secure
CVE,CVE-2018-0919,secure
CVE,CVE-2018-0920,secure
CVE,CVE-2018-0921,secure
CVE,CVE-2018-0922,secure
CVE,CVE-2018-0923,secure
CVE,CVE-2018-0924,secure
CVE,CVE-2018-0925,secure
CVE,CVE-2018-0926,secure
CVE,CVE-2018-0927,secure
CVE,CVE-2018-0929,secure
CVE,CVE-2018-0930,secure
CVE,CVE-2018-0931,secure
CVE,CVE-2018-0932,secure
CVE,CVE-2018-0933,secure
CVE,CVE-2018-0934,secure
CVE,CVE-2018-0935,secure
CVE,CVE-2018-0936,secure
CVE,CVE-2018-0937,secure
CVE,CVE-2018-0939,secure
CVE,CVE-2018-0940,secure
CVE,CVE-2018-0941,secure
CVE,CVE-2018-0942,secure
CVE,CVE-2018-0943,secure
CVE,CVE-2018-0944,secure
CVE,CVE-2018-0945,secure
CVE,CVE-2018-0946,secure
CVE,CVE-2018-0947,secure
CVE,CVE-2018-0949,secure
CVE,CVE-2018-0950,secure
CVE,CVE-2018-0951,secure
CVE,CVE-2018-0952,secure
CVE,CVE-2018-0953,secure
CVE,CVE-2018-0954,secure
CVE,CVE-2018-0955,secure
CVE,CVE-2018-0956,secure
CVE,CVE-2018-0957,secure
CVE,CVE-2018-0958,secure
CVE,CVE-2018-0959,secure
CVE,CVE-2018-0960,secure
CVE,CVE-2018-0961,secure
CVE,CVE-2018-0963,secure
CVE,CVE-2018-0964,secure
CVE,CVE-2018-0965,secure
CVE,CVE-2018-0966,secure
CVE,CVE-2018-0967,secure
CVE,CVE-2018-0968,secure
CVE,CVE-2018-0969,secure
CVE,CVE-2018-0970,secure
CVE,CVE-2018-0971,secure
CVE,CVE-2018-0972,secure
CVE,CVE-2018-0973,secure
CVE,CVE-2018-0974,secure
CVE,CVE-2018-0975,secure
CVE,CVE-2018-0976,secure
CVE,CVE-2018-0977,secure
CVE,CVE-2018-0978,secure
CVE,CVE-2018-0979,secure
CVE,CVE-2018-0980,secure
CVE,CVE-2018-0981,secure
CVE,CVE-2018-0982,secure
CVE,CVE-2018-0983,secure
CVE,CVE-2018-0986,secure
CVE,CVE-2018-0987,secure
CVE,CVE-2018-0988,secure
CVE,CVE-2018-0989,secure
CVE,CVE-2018-0990,secure
CVE,CVE-2018-0991,secure
CVE,CVE-2018-0993,secure
CVE,CVE-2018-0994,secure
CVE,CVE-2018-0995,secure
CVE,CVE-2018-0996,secure
CVE,CVE-2018-0997,secure
CVE,CVE-2018-0998,secure
CVE,CVE-2018-1000,secure
CVE,CVE-2018-1001,secure
CVE,CVE-2018-1003,secure
CVE,CVE-2018-1004,secure
CVE,CVE-2018-1005,secure
CVE,CVE-2018-1007,secure
CVE,CVE-2018-1008,secure
CVE,CVE-2018-1009,secure
CVE,CVE-2018-1010,secure
CVE,CVE-2018-1011,secure
CVE,CVE-2018-1012,secure
CVE,CVE-2018-1013,secure
CVE,CVE-2018-1014,secure
CVE,CVE-2018-1015,secure
CVE,CVE-2018-1016,secure
CVE,CVE-2018-1018,secure
CVE,CVE-2018-1019,secure
CVE,CVE-2018-1020,secure
CVE,CVE-2018-1021,secure
CVE,CVE-2018-1022,secure
CVE,CVE-2018-1023,secure
CVE,CVE-2018-1025,secure
CVE,CVE-2018-1026,secure
CVE,CVE-2018-1027,secure
CVE,CVE-2018-1028,secure
CVE,CVE-2018-1029,secure
CVE,CVE-2018-1030,secure
CVE,CVE-2018-1032,secure
CVE,CVE-2018-1034,secure
CVE,CVE-2018-1035,secure
CVE,CVE-2018-1036,secure
CVE,CVE-2018-1037,secure
CVE,CVE-2018-1038,secure
CVE,CVE-2018-1039,secure
CVE,CVE-2018-1040,secure
CVE,CVE-2018-8110,secure
CVE,CVE-2018-8111,secure
CVE,CVE-2018-8112,secure
CVE,CVE-2018-8113,secure
CVE,CVE-2018-8114,secure
CVE,CVE-2018-8115,secure
CVE,CVE-2018-8116,secure
CVE,CVE-2018-8117,secure
CVE,CVE-2018-8118,secure
CVE,CVE-2018-8119,secure
CVE,CVE-2018-8120,secure
CVE,CVE-2018-8121,secure
CVE,CVE-2018-8122,secure
CVE,CVE-2018-8123,secure
CVE,CVE-2018-8124,secure
CVE,CVE-2018-8125,secure
CVE,CVE-2018-8126,secure
CVE,CVE-2018-8127,secure
CVE,CVE-2018-8128,secure
CVE,CVE-2018-8129,secure
CVE,CVE-2018-8130,secure
CVE,CVE-2018-8132,secure
CVE,CVE-2018-8133,secure
CVE,CVE-2018-8134,secure
CVE,CVE-2018-8136,secure
CVE,CVE-2018-8137,secure
CVE,CVE-2018-8139,secure
CVE,CVE-2018-8140,secure
CVE,CVE-2018-8141,secure
CVE,CVE-2018-8142,secure
CVE,CVE-2018-8145,secure
CVE,CVE-2018-8147,secure
CVE,CVE-2018-8148,secure
CVE,CVE-2018-8149,secure
CVE,CVE-2018-8150,secure
CVE,CVE-2018-8151,secure
CVE,CVE-2018-8152,secure
CVE,CVE-2018-8153,secure
CVE,CVE-2018-8154,secure
CVE,CVE-2018-8155,secure
CVE,CVE-2018-8156,secure
CVE,CVE-2018-8157,secure
CVE,CVE-2018-8158,secure
CVE,CVE-2018-8159,secure
CVE,CVE-2018-8160,secure
CVE,CVE-2018-8161,secure
CVE,CVE-2018-8162,secure
CVE,CVE-2018-8163,secure
CVE,CVE-2018-8164,secure
CVE,CVE-2018-8165,secure
CVE,CVE-2018-8166,secure
CVE,CVE-2018-8167,secure
CVE,CVE-2018-8168,secure
CVE,CVE-2018-8169,secure
CVE,CVE-2018-8170,secure
CVE,CVE-2018-8171,secure
CVE,CVE-2018-8172,secure
CVE,CVE-2018-8173,secure
CVE,CVE-2018-8174,secure
CVE,CVE-2018-8175,secure
CVE,CVE-2018-8176,secure
CVE,CVE-2018-8177,secure
CVE,CVE-2018-8178,secure
CVE,CVE-2018-8179,secure
CVE,CVE-2018-8200,secure
CVE,CVE-2018-8201,secure
CVE,CVE-2018-8202,secure
CVE,CVE-2018-8204,secure
CVE,CVE-2018-8205,secure
CVE,CVE-2018-8206,secure
CVE,CVE-2018-8207,secure
CVE,CVE-2018-8208,secure
CVE,CVE-2018-8209,secure
CVE,CVE-2018-8210,secure
CVE,CVE-2018-8211,secure
CVE,CVE-2018-8212,secure
CVE,CVE-2018-8213,secure
CVE,CVE-2018-8214,secure
CVE,CVE-2018-8215,secure
CVE,CVE-2018-8216,secure
CVE,CVE-2018-8217,secure
CVE,CVE-2018-8218,secure
CVE,CVE-2018-8219,secure
CVE,CVE-2018-8221,secure
CVE,CVE-2018-8222,secure
CVE,CVE-2018-8224,secure
CVE,CVE-2018-8225,secure
CVE,CVE-2018-8226,secure
CVE,CVE-2018-8227,secure
CVE,CVE-2018-8229,secure
CVE,CVE-2018-8231,secure
CVE,CVE-2018-8232,secure
CVE,CVE-2018-8233,secure
CVE,CVE-2018-8234,secure
CVE,CVE-2018-8235,secure
CVE,CVE-2018-8236,secure
CVE,CVE-2018-8238,secure
CVE,CVE-2018-8239,secure
CVE,CVE-2018-8242,secure
CVE,CVE-2018-8243,secure
CVE,CVE-2018-8244,secure
CVE,CVE-2018-8245,secure
CVE,CVE-2018-8246,secure
CVE,CVE-2018-8247,secure
CVE,CVE-2018-8248,secure
CVE,CVE-2018-8249,secure
CVE,CVE-2018-8251,secure
CVE,CVE-2018-8252,secure
CVE,CVE-2018-8253,secure
CVE,CVE-2018-8254,secure
CVE,CVE-2018-8256,secure
CVE,CVE-2018-8260,secure
CVE,CVE-2018-8262,secure
CVE,CVE-2018-8265,secure
CVE,CVE-2018-8266,secure
CVE,CVE-2018-8267,secure
CVE,CVE-2018-8269,secure
CVE,CVE-2018-8271,secure
CVE,CVE-2018-8273,secure
CVE,CVE-2018-8274,secure
CVE,CVE-2018-8275,secure
CVE,CVE-2018-8276,secure
CVE,CVE-2018-8278,secure
CVE,CVE-2018-8279,secure
CVE,CVE-2018-8280,secure
CVE,CVE-2018-8281,secure
CVE,CVE-2018-8282,secure
CVE,CVE-2018-8283,secure
CVE,CVE-2018-8284,secure
CVE,CVE-2018-8286,secure
CVE,CVE-2018-8287,secure
CVE,CVE-2018-8288,secure
CVE,CVE-2018-8289,secure
CVE,CVE-2018-8290,secure
CVE,CVE-2018-8291,secure
CVE,CVE-2018-8292,secure
CVE,CVE-2018-8294,secure
CVE,CVE-2018-8296,secure
CVE,CVE-2018-8297,secure
CVE,CVE-2018-8298,secure
CVE,CVE-2018-8299,secure
CVE,CVE-2018-8300,secure
CVE,CVE-2018-8301,secure
CVE,CVE-2018-8302,secure
CVE,CVE-2018-8304,secure
CVE,CVE-2018-8305,secure
CVE,CVE-2018-8306,secure
CVE,CVE-2018-8307,secure
CVE,CVE-2018-8308,secure
CVE,CVE-2018-8309,secure
CVE,CVE-2018-8310,secure
CVE,CVE-2018-8311,secure
CVE,CVE-2018-8312,secure
CVE,CVE-2018-8313,secure
CVE,CVE-2018-8314,secure
CVE,CVE-2018-8315,secure
CVE,CVE-2018-8316,secure
CVE,CVE-2018-8319,secure
CVE,CVE-2018-8320,secure
CVE,CVE-2018-8323,secure
CVE,CVE-2018-8324,secure
CVE,CVE-2018-8325,secure
CVE,CVE-2018-8326,secure
CVE,CVE-2018-8327,secure
CVE,CVE-2018-8329,secure
CVE,CVE-2018-8330,secure
CVE,CVE-2018-8331,secure
CVE,CVE-2018-8332,secure
CVE,CVE-2018-8333,secure
CVE,CVE-2018-8335,secure
CVE,CVE-2018-8336,secure
CVE,CVE-2018-8337,secure
CVE,CVE-2018-8339,secure
CVE,CVE-2018-8340,secure
CVE,CVE-2018-8341,secure
CVE,CVE-2018-8342,secure
CVE,CVE-2018-8343,secure
CVE,CVE-2018-8344,secure
CVE,CVE-2018-8345,secure
CVE,CVE-2018-8346,secure
CVE,CVE-2018-8347,secure
CVE,CVE-2018-8348,secure
CVE,CVE-2018-8349,secure
CVE,CVE-2018-8350,secure
CVE,CVE-2018-8351,secure
CVE,CVE-2018-8353,secure
CVE,CVE-2018-8354,secure
CVE,CVE-2018-8355,secure
CVE,CVE-2018-8356,secure
CVE,CVE-2018-8357,secure
CVE,CVE-2018-8358,secure
CVE,CVE-2018-8359,secure
CVE,CVE-2018-8360,secure
CVE,CVE-2018-8366,secure
CVE,CVE-2018-8367,secure
CVE,CVE-2018-8370,secure
CVE,CVE-2018-8371,secure
CVE,CVE-2018-8372,secure
CVE,CVE-2018-8373,secure
CVE,CVE-2018-8374,secure
CVE,CVE-2018-8375,secure
CVE,CVE-2018-8376,secure
CVE,CVE-2018-8377,secure
CVE,CVE-2018-8378,secure
CVE,CVE-2018-8379,secure
CVE,CVE-2018-8380,secure
CVE,CVE-2018-8381,secure
CVE,CVE-2018-8382,secure
CVE,CVE-2018-8383,secure
CVE,CVE-2018-8384,secure
CVE,CVE-2018-8385,secure
CVE,CVE-2018-8387,secure
CVE,CVE-2018-8388,secure
CVE,CVE-2018-8389,secure
CVE,CVE-2018-8390,secure
CVE,CVE-2018-8391,secure
CVE,CVE-2018-8392,secure
CVE,CVE-2018-8393,secure
CVE,CVE-2018-8394,secure
CVE,CVE-2018-8396,secure
CVE,CVE-2018-8397,secure
CVE,CVE-2018-8398,secure
CVE,CVE-2018-8399,secure
CVE,CVE-2018-8400,secure
CVE,CVE-2018-8401,secure
CVE,CVE-2018-8403,secure
CVE,CVE-2018-8404,secure
CVE,CVE-2018-8405,secure
CVE,CVE-2018-8406,secure
CVE,CVE-2018-8407,secure
CVE,CVE-2018-8408,secure
CVE,CVE-2018-8409,secure
CVE,CVE-2018-8410,secure
CVE,CVE-2018-8411,secure
CVE,CVE-2018-8412,secure
CVE,CVE-2018-8413,secure
CVE,CVE-2018-8414,secure
CVE,CVE-2018-8415,secure
CVE,CVE-2018-8416,secure
CVE,CVE-2018-8417,secure
CVE,CVE-2018-8419,secure
CVE,CVE-2018-8420,secure
CVE,CVE-2018-8421,secure
CVE,CVE-2018-8422,secure
CVE,CVE-2018-8423,secure
CVE,CVE-2018-8424,secure
CVE,CVE-2018-8425,secure
CVE,CVE-2018-8426,secure
CVE,CVE-2018-8427,secure
CVE,CVE-2018-8428,secure
CVE,CVE-2018-8429,secure
CVE,CVE-2018-8430,secure
CVE,CVE-2018-8431,secure
CVE,CVE-2018-8432,secure
CVE,CVE-2018-8433,secure
CVE,CVE-2018-8434,secure
CVE,CVE-2018-8435,secure
CVE,CVE-2018-8436,secure
CVE,CVE-2018-8437,secure
CVE,CVE-2018-8438,secure
CVE,CVE-2018-8439,secure
CVE,CVE-2018-8440,secure
CVE,CVE-2018-8441,secure
CVE,CVE-2018-8442,secure
CVE,CVE-2018-8443,secure
CVE,CVE-2018-8444,secure
CVE,CVE-2018-8445,secure
CVE,CVE-2018-8446,secure
CVE,CVE-2018-8447,secure
CVE,CVE-2018-8448,secure
CVE,CVE-2018-8449,secure
CVE,CVE-2018-8450,secure
CVE,CVE-2018-8452,secure
CVE,CVE-2018-8453,secure
CVE,CVE-2018-8454,secure
CVE,CVE-2018-8455,secure
CVE,CVE-2018-8456,secure
CVE,CVE-2018-8457,secure
CVE,CVE-2018-8459,secure
CVE,CVE-2018-8460,secure
CVE,CVE-2018-8461,secure
CVE,CVE-2018-8462,secure
CVE,CVE-2018-8463,secure
CVE,CVE-2018-8464,secure
CVE,CVE-2018-8465,secure
CVE,CVE-2018-8466,secure
CVE,CVE-2018-8467,secure
CVE,CVE-2018-8468,secure
CVE,CVE-2018-8469,secure
CVE,CVE-2018-8470,secure
CVE,CVE-2018-8471,secure
CVE,CVE-2018-8472,secure
CVE,CVE-2018-8473,secure
CVE,CVE-2018-8474,secure
CVE,CVE-2018-8475,secure
CVE,CVE-2018-8476,secure
CVE,CVE-2018-8477,secure
CVE,CVE-2018-8479,secure
CVE,CVE-2018-8480,secure
CVE,CVE-2018-8481,secure
CVE,CVE-2018-8482,secure
CVE,CVE-2018-8484,secure
CVE,CVE-2018-8485,secure
CVE,CVE-2018-8486,secure
CVE,CVE-2018-8488,secure
CVE,CVE-2018-8489,secure
CVE,CVE-2018-8490,secure
CVE,CVE-2018-8491,secure
CVE,CVE-2018-8492,secure
CVE,CVE-2018-8493,secure
CVE,CVE-2018-8494,secure
CVE,CVE-2018-8495,secure
CVE,CVE-2018-8497,secure
CVE,CVE-2018-8498,secure
CVE,CVE-2018-8500,secure
CVE,CVE-2018-8501,secure
CVE,CVE-2018-8502,secure
CVE,CVE-2018-8503,secure
CVE,CVE-2018-8504,secure
CVE,CVE-2018-8505,secure
CVE,CVE-2018-8506,secure
CVE,CVE-2018-8509,secure
CVE,CVE-2018-8510,secure
CVE,CVE-2018-8511,secure
CVE,CVE-2018-8512,secure
CVE,CVE-2018-8513,secure
CVE,CVE-2018-8514,secure
CVE,CVE-2018-8517,secure
CVE,CVE-2018-8518,secure
CVE,CVE-2018-8522,secure
CVE,CVE-2018-8524,secure
CVE,CVE-2018-8527,secure
CVE,CVE-2018-8529,secure
CVE,CVE-2018-8530,secure
CVE,CVE-2018-8531,secure
CVE,CVE-2018-8532,secure
CVE,CVE-2018-8533,secure
CVE,CVE-2018-8539,secure
CVE,CVE-2018-8540,secure
CVE,CVE-2018-8541,secure
CVE,CVE-2018-8542,secure
CVE,CVE-2018-8543,secure
CVE,CVE-2018-8544,secure
CVE,CVE-2018-8545,secure
CVE,CVE-2018-8546,secure
CVE,CVE-2018-8547,secure
CVE,CVE-2018-8549,secure
CVE,CVE-2018-8550,secure
CVE,CVE-2018-8551,secure
CVE,CVE-2018-8552,secure
CVE,CVE-2018-8553,secure
CVE,CVE-2018-8554,secure
CVE,CVE-2018-8555,secure
CVE,CVE-2018-8556,secure
CVE,CVE-2018-8557,secure
CVE,CVE-2018-8558,secure
CVE,CVE-2018-8561,secure
CVE,CVE-2018-8562,secure
CVE,CVE-2018-8563,secure
CVE,CVE-2018-8564,secure
CVE,CVE-2018-8565,secure
CVE,CVE-2018-8566,secure
CVE,CVE-2018-8567,secure
CVE,CVE-2018-8568,secure
CVE,CVE-2018-8569,secure
CVE,CVE-2018-8570,secure
CVE,CVE-2018-8572,secure
CVE,CVE-2018-8573,secure
CVE,CVE-2018-8574,secure
CVE,CVE-2018-8575,secure
CVE,CVE-2018-8576,secure
CVE,CVE-2018-8577,secure
CVE,CVE-2018-8578,secure
CVE,CVE-2018-8579,secure
CVE,CVE-2018-8580,secure
CVE,CVE-2018-8581,secure
CVE,CVE-2018-8582,secure
CVE,CVE-2018-8583,secure
CVE,CVE-2018-8584,secure
CVE,CVE-2018-8587,secure
CVE,CVE-2018-8588,secure
CVE,CVE-2018-8589,secure
CVE,CVE-2018-8592,secure
CVE,CVE-2018-8595,secure
CVE,CVE-2018-8596,secure
CVE,CVE-2018-8597,secure
CVE,CVE-2018-8598,secure
CVE,CVE-2018-8599,secure
CVE,CVE-2018-8600,secure
CVE,CVE-2018-8602,secure
CVE,CVE-2018-8604,secure
CVE,CVE-2018-8605,secure
CVE,CVE-2018-8606,secure
CVE,CVE-2018-8607,secure
CVE,CVE-2018-8608,secure
CVE,CVE-2018-8609,secure
CVE,CVE-2018-8611,secure
CVE,CVE-2018-8612,secure
CVE,CVE-2018-8617,secure
CVE,CVE-2018-8618,secure
CVE,CVE-2018-8619,secure
CVE,CVE-2018-8621,secure
CVE,CVE-2018-8622,secure
CVE,CVE-2018-8624,secure
CVE,CVE-2018-8625,secure
CVE,CVE-2018-8626,secure
CVE,CVE-2018-8627,secure
CVE,CVE-2018-8628,secure
CVE,CVE-2018-8629,secure
CVE,CVE-2018-8631,secure
CVE,CVE-2018-8634,secure
CVE,CVE-2018-8635,secure
CVE,CVE-2018-8636,secure
CVE,CVE-2018-8637,secure
CVE,CVE-2018-8638,secure
CVE,CVE-2018-8639,secure
CVE,CVE-2018-8641,secure
CVE,CVE-2018-8643,secure
CVE,CVE-2018-8649,secure
CVE,CVE-2018-8650,secure
CVE,CVE-2018-8651,secure
CVE,CVE-2018-8652,secure
CVE,CVE-2018-8653,secure
CVE,CVE-2018-8654,secure
